0_frequency_bin,0_max_magnitude,0_min_magnitude,0_avg_magnitude,0_sd_magnitude,0_avg_difference,0_sd_difference,1_frequency_bin,1_max_magnitude,1_min_magnitude,1_avg_magnitude,1_sd_magnitude,1_avg_difference,1_sd_difference,2_frequency_bin,2_max_magnitude,2_min_magnitude,2_avg_magnitude,2_sd_magnitude,2_avg_difference,2_sd_difference,3_frequency_bin,3_max_magnitude,3_min_magnitude,3_avg_magnitude,3_sd_magnitude,3_avg_difference,3_sd_difference,4_frequency_bin,4_max_magnitude,4_min_magnitude,4_avg_magnitude,4_sd_magnitude,4_avg_difference,4_sd_difference,5_frequency_bin,5_max_magnitude,5_min_magnitude,5_avg_magnitude,5_sd_magnitude,5_avg_difference,5_sd_difference,6_frequency_bin,6_max_magnitude,6_min_magnitude,6_avg_magnitude,6_sd_magnitude,6_avg_difference,6_sd_difference,7_frequency_bin,7_max_magnitude,7_min_magnitude,7_avg_magnitude,7_sd_magnitude,7_avg_difference,7_sd_difference,8_frequency_bin,8_max_magnitude,8_min_magnitude,8_avg_magnitude,8_sd_magnitude,8_avg_difference,8_sd_difference,9_frequency_bin,9_max_magnitude,9_min_magnitude,9_avg_magnitude,9_sd_magnitude,9_avg_difference,9_sd_difference,target_frequency
20.0,148.5045623779297,2.437338352203369,15.05746841430664,27.51660919189453,-0.8068897724151611,2.0654335021972656,21.0,140.7771759033203,2.186444997787476,12.90685749053955,23.89968490600586,-0.7658143043518066,2.215412139892578,41.0,130.00933837890625,1.2647840976715088,11.73232650756836,23.17090606689453,-0.718333899974823,1.8158464431762693,61.0,69.17096710205078,2.054296970367432,8.461645126342773,9.78506851196289,-0.363376647233963,1.2894879579544067,40.0,87.45065307617188,0.8311489224433899,8.057120323181152,15.852062225341797,-0.4820902645587921,1.2211053371429443,102.0,34.62057876586914,1.013235569000244,6.237284183502197,5.886863231658936,-0.1799674928188324,0.7438251376152039,62.0,45.4604377746582,1.0677553415298462,5.48191499710083,6.569462299346924,-0.2354414314031601,0.8275388479232788,103.0,24.728227615356445,0.8992199301719666,4.140175819396973,3.9052422046661377,-0.1270569115877151,0.5090333223342896,42.0,49.370750427246094,0.4392156600952148,4.136603355407715,8.23989200592041,-0.2710880935192108,0.8130509853363037,19.0,41.16807556152344,0.461834967136383,3.958932876586914,7.249686241149902,-0.2173234522342682,0.782798171043396,220.0
20.0,194.74354553222656,3.88763952255249,15.691887855529783,29.20790100097656,-0.69655442237854,2.289010524749756,21.0,177.56307983398438,3.694890022277832,13.23727798461914,24.775075912475582,-0.6345553994178772,2.2152862548828125,41.0,115.6116714477539,0.932819664478302,8.4407320022583,17.32453727722168,-0.4168959558010101,1.3216029405593872,61.0,42.28742218017578,0.3644894361495971,6.309499263763428,7.341060161590576,-0.1470135599374771,0.7229925394058228,40.0,77.28996276855469,0.5351046919822693,5.787008285522461,11.648171424865724,-0.2773437798023224,1.1273314952850342,19.0,56.51561737060547,0.487273097038269,4.210859775543213,7.908120632171631,-0.1767713725566864,1.2457271814346311,62.0,30.090869903564453,0.1576629281044006,4.049732685089111,4.862075805664063,-0.1035438179969787,0.506244421005249,102.0,11.501008987426758,0.4696175754070282,3.1527891159057617,3.188505172729492,-0.0342428870499134,0.1377123743295669,42.0,44.77116775512695,0.3341327607631683,2.980147123336792,6.286816120147705,-0.1600827723741531,0.601372241973877,60.0,14.541306495666504,0.1774985641241073,2.422769069671631,2.727360486984253,-0.0475003570318222,0.3293744027614593,220.0
41.0,256.1282958984375,0.0025034896098077,11.928999900817873,38.65582275390625,-2.06553053855896,6.95777702331543,40.0,172.24169921875,0.002190381521359,7.983206748962402,25.7557430267334,-1.3890283107757568,4.76187801361084,82.0,76.3448486328125,0.004515457432717,6.807074069976807,14.351043701171877,-0.5583926439285278,1.817433476448059,81.0,66.43901062011719,0.0039850049652159,5.270257472991943,11.617244720458984,-0.5266164541244507,1.6838113069534302,42.0,96.28268432617188,0.0015330234309658,4.427761554718018,14.275972366333008,-0.7764608860015869,2.856375932693481,123.0,45.28034591674805,0.0016058455221354,2.4905636310577397,6.576437950134277,-0.3651511073112488,1.310452938079834,122.0,40.29710006713867,0.0014286481309682,2.264253616333008,5.847021579742432,-0.3249651193618774,1.1845424175262451,83.0,22.819244384765625,0.002773845102638,2.144463062286377,4.460599899291992,-0.1614868193864822,0.5434702038764954,164.0,22.71811294555664,0.0004975223564542,1.7701793909072876,3.670932054519653,-0.1832065880298614,0.5788562893867493,163.0,14.364262580871582,0.0004012379213236,1.1187105178833008,2.312488555908203,-0.1158375814557075,0.3819396197795868,440.0
41.0,273.19482421875,0.0198545977473258,17.465694427490234,47.03011703491211,-3.0693814754486084,8.754840850830078,40.0,181.5839385986328,0.016659939661622,11.613856315612791,31.028884887695312,-2.040081739425659,6.112112998962402,82.0,53.76339721679688,0.006227602250874,7.669625282287598,13.47376823425293,-0.5775403380393982,1.1160075664520264,42.0,110.70845794677734,0.0136624285951256,6.602832794189453,17.866491317749023,-1.2437617778778076,4.29149866104126,81.0,44.16450119018555,0.0056272121146321,5.851058006286621,10.452404022216797,-0.4588524997234344,1.0118451118469238,83.0,16.986896514892578,0.0040008267387747,2.40183162689209,4.17861795425415,-0.190819039940834,0.3537162840366363,123.0,8.11095142364502,0.0049175303429365,1.6907957792282104,2.1931188106536865,-0.0910790264606475,0.3711236119270324,122.0,7.073465347290039,0.0045872963964939,1.536365985870361,1.9405192136764529,-0.0794255957007408,0.2029573321342468,39.0,27.29646873474121,0.0073265298269689,1.2191014289855957,3.419889450073242,-0.3066161870956421,2.596065044403076,164.0,7.441856384277344,0.0004566763527691,0.7751303911209106,1.5128892660140991,-0.0836112275719642,0.1794877052307129,440.0
46.0,138.25112915039062,3.532165765762329,21.549991607666016,21.13335418701172,-0.5899459719657898,1.984346628189087,23.0,159.6712646484375,0.4193636476993561,21.51483726501465,26.94907760620117,-0.7066357135772705,1.9002050161361692,45.0,98.60902404785156,2.946169853210449,14.831876754760742,14.848798751831056,-0.4141109585762024,1.4756178855895996,22.0,95.99968719482422,0.2871339321136474,13.075116157531738,16.285144805908203,-0.4212256669998169,1.4504040479660034,24.0,67.99580383300781,0.5861806869506836,8.773399353027344,11.043828010559082,-0.2934099435806274,1.0269616842269895,47.0,46.98194122314453,0.8941748738288879,7.594132900238037,7.233387947082519,-0.1873603612184524,0.7067391276359558,92.0,43.24232864379883,0.2932047545909881,4.634829044342041,6.933913230895996,-0.193934679031372,1.0236055850982666,91.0,28.46485710144043,0.0784665420651435,3.374168872833252,4.75633430480957,-0.1140794456005096,0.7005875110626221,69.0,24.159671783447266,0.0915921404957771,2.424845933914185,3.4075188636779785,-0.1075701490044593,0.4613630175590515,138.0,18.96828842163086,0.0134622640907764,2.0855512619018555,3.2301278114318848,-0.0860109254717826,0.3795511424541473,246.9416506280621
92.0,108.6353530883789,0.0080693401396274,10.873902320861816,21.128936767578125,-0.7439998984336853,2.1220619678497314,46.0,144.08889770507812,0.0124440919607877,8.604172706604004,22.102169036865234,-1.0005308389663696,3.306381225585937,91.0,70.45857238769531,0.0067689465358853,7.68543004989624,14.402209281921388,-0.4714349210262298,1.373558521270752,45.0,61.15178298950195,0.009860404767096,4.690197944641113,11.35777473449707,-0.4245966672897339,1.3755080699920654,47.0,86.01029968261719,0.0084028355777263,4.013891696929932,11.370431900024414,-0.5972354412078857,2.590925931930542,93.0,44.42902374267578,0.0051407553255558,3.751280069351196,7.675572395324707,-0.2827711701393127,1.0707087516784668,138.0,24.18205070495605,0.0012241915101185,1.5514744520187378,3.357248067855835,-0.1679224073886871,0.8152576088905334,184.0,18.417673110961918,0.0003659905923996,1.4700387716293335,3.178551435470581,-0.1217081546783447,0.5390021800994873,137.0,16.098390579223633,0.0009706951095722,1.0145416259765625,2.2178761959075928,-0.1117876395583152,0.5456526279449463,185.0,11.28009796142578,0.0003196952748112,0.8650370240211487,1.775406002998352,-0.0401115529239177,0.4751826524734497,493.8833012561241
61.0,126.95225524902344,2.735217332839966,10.99980640411377,18.940509796142575,-0.4167143702507019,1.5179535150527954,36.0,60.44176483154297,2.023432970046997,10.01706886291504,10.95202922821045,-0.1871116906404495,0.5187533497810364,37.0,46.29777908325195,1.7514276504516602,8.599516868591309,9.322370529174805,-0.1341880112886428,0.4840849339962005,60.0,111.55286407470705,1.9361813068389893,7.938277721405029,14.14315414428711,-0.3477988243103027,1.750784993171692,12.0,74.2846450805664,0.7245708703994751,6.5879011154174805,12.319886207580566,-0.2463041245937347,0.869232177734375,49.0,32.76041030883789,1.4315133094787598,6.101774215698242,7.134059429168701,-0.098594956099987,0.4323412775993347,48.0,36.00163650512695,1.281459093093872,5.620589256286621,6.605492115020752,-0.1093476638197898,0.3657583892345428,24.0,67.70600891113281,1.2182459831237793,4.800958156585693,8.951244354248047,-0.2228250056505203,0.8792102336883545,85.0,35.226070404052734,0.0658496245741844,4.800220489501953,5.157079696655273,-0.1073885485529899,0.4999655187129974,73.0,48.67717361450195,0.1006600186228752,4.3038105964660645,8.47026538848877,-0.1622764021158218,0.5372921228408813,130.8127826502993
36.0,80.9935531616211,4.075335502624512,17.897489547729492,17.05633544921875,-0.3674682974815368,0.6180674433708191,37.0,66.38563537597656,3.7264676094055176,15.322423934936523,14.460394859313965,-0.2889168858528137,0.5157660245895386,12.0,84.90044403076172,1.7140334844589231,12.358010292053224,16.34742546081543,-0.3969376385211944,1.3464912176132202,61.0,84.30917358398438,1.7622127532958984,10.89191722869873,14.799596786499023,-0.3984574973583221,0.9309480786323548,49.0,41.39356231689453,1.91738760471344,10.561782836914062,9.251580238342283,-0.1821810752153396,0.293302446603775,85.0,44.90302276611328,3.139899492263794,9.958354949951172,7.272071838378906,-0.2047211825847625,0.578930139541626,48.0,41.86572265625,1.9200856685638428,9.783069610595703,8.529034614562988,-0.1844270974397659,0.4247242212295532,73.0,45.86553192138672,2.4414727687835693,8.156800270080566,9.61739730834961,-0.2098816335201263,0.3838446140289306,24.0,113.95792388916016,0.1167681664228439,8.02549934387207,19.84120750427246,-0.5521261096000671,1.6300548315048218,60.0,59.02017974853516,1.3301060199737549,7.866316795349121,10.558501243591309,-0.2770669162273407,0.6444994211196899,130.8127826502993
49.0,100.51806640625,0.8032383918762207,14.278943061828612,14.96163272857666,-0.2689085602760315,1.1002048254013062,48.0,102.16881561279295,1.2328011989593506,13.94862461090088,14.73820686340332,-0.2810416221618652,1.1571307182312012,24.0,157.85816955566406,0.2392744868993759,8.563691139221191,18.79253578186035,-0.455231249332428,2.0434610843658447,25.0,103.1133804321289,0.1340285241603851,5.926972389221191,12.72917652130127,-0.2862045764923095,1.6264877319335938,97.0,21.683521270751957,0.2726775407791137,5.744156837463379,5.581348896026611,-0.0615557543933391,0.4779882729053497,98.0,15.52625846862793,0.2716975212097168,3.9447853565216064,3.717892646789551,-0.0439014695584774,0.3266260325908661,73.0,15.002212524414062,0.0378406904637813,3.882601499557495,3.93791937828064,-0.0377706252038478,0.2839972674846649,23.0,57.359806060791016,0.0729681029915809,3.0267174243927,6.6993842124938965,-0.1464861035346985,1.3324369192123413,50.0,22.282060623168945,0.3244151771068573,3.0157666206359863,3.178191900253296,-0.0589343309402465,0.3093709349632263,47.0,24.980846405029297,0.180452674627304,2.7067697048187256,2.9848244190216064,-0.0676585957407951,0.3920062184333801,261.6255653005986
49.0,237.6577606201172,0.0099672358483076,17.441551208496094,40.092529296875,-1.6277246475219729,5.555059432983398,48.0,242.43609619140625,0.0095081161707639,16.132652282714844,37.91767883300781,-1.6604561805725098,5.567836284637451,50.0,56.33625793457031,0.0056573785841465,4.205916881561279,9.48133945465088,-0.3557239770889282,1.3567185401916504,97.0,14.074892044067385,0.0040441756136715,3.1488075256347656,3.7689743041992183,-0.0954204127192497,0.3762886822223663,47.0,53.062461853027344,0.0047342497855424,3.0094242095947266,7.370725154876709,-0.3634091019630432,1.5071254968643188,96.0,10.579483032226562,0.0040090889669954,1.6694035530090332,2.167430639266968,-0.0724347531795501,0.2934018969535827,98.0,6.37062406539917,0.0043646898120641,1.5314724445343018,1.8001562356948853,-0.0264223217964172,0.2557120621204376,146.0,12.637534141540527,6.473460234701633e-05,1.27589750289917,2.77956223487854,-0.0603341460227966,0.7885417342185974,145.0,8.805627822875977,4.835122308577411e-05,0.8942449688911438,1.8924466371536253,-0.0108302114531397,0.624647855758667,195.0,8.841204643249512,3.5076393345434553e-08,0.8107660412788391,1.7005375623703003,-0.0605561956763267,0.4860188066959381,523.2511306011972
48.0,160.77476501464844,0.0017324982909485,5.841728210449219,16.999300003051758,-0.6900129914283752,3.624054193496704,49.0,168.9867401123047,0.0016906638629734,5.816137790679932,17.68022918701172,-0.7252577543258667,3.847376585006714,97.0,15.9517183303833,0.0003349790349602,2.353116750717163,3.432464838027954,-0.0684608742594719,0.4944975972175598,146.0,17.901580810546875,5.243349505690276e-07,2.1114695072174072,3.9332268238067623,-0.0609235055744648,0.7439695596694946,145.0,13.420862197875977,8.244624183362249e-08,1.554466724395752,2.877638816833496,-0.0444879978895187,0.4301038682460785,50.0,43.33643341064453,0.0010759147116914,1.266714334487915,4.25320291519165,-0.1859886646270752,1.0804585218429563,47.0,35.78708267211914,0.0011462345719337,1.2627524137496948,3.535649299621582,-0.1110499575734138,1.330325961112976,96.0,10.67095947265625,0.0002670815447345,1.222947597503662,1.8139665126800537,-0.0457969643175601,0.3219262063503265,98.0,7.131925106048584,0.0002643932821229,1.167332410812378,1.7006080150604248,-0.0306079871952533,0.2922396063804626,147.0,6.53715705871582,2.956099933726364e-07,0.7572973370552063,1.3866254091262815,-0.0262109879404306,0.2451641261577606,523.2511306011972
58.0,87.92027282714844,0.568599283695221,15.705426216125488,16.40200424194336,-0.3630101978778839,1.2412755489349363,43.0,83.10520935058594,0.3647850453853607,13.026376724243164,16.540502548217773,-0.3449728786945343,1.1149431467056274,57.0,68.72529602050781,0.2009506523609161,12.539977073669434,13.100911140441896,-0.2817326188087463,1.029876947402954,44.0,57.2210578918457,0.2967064678668976,8.835400581359863,11.350090980529783,-0.2360488772392273,0.7603792548179626,29.0,86.41791534423828,0.3197334408760071,8.094779968261719,12.808331489562988,-0.3618945479393005,1.4467452764511108,14.0,48.503028869628906,0.4083898663520813,7.289355278015137,8.730645179748535,-0.1880569458007812,1.1790308952331543,72.0,38.09255599975586,0.7698754072189331,7.151456832885742,7.126132488250732,-0.1580964922904968,0.6324352025985718,15.0,35.60177230834961,0.3431713879108429,6.117789268493652,7.194943904876709,-0.0679110810160636,1.2820743322372437,101.0,24.526674270629883,0.1447119861841201,5.734720230102539,5.221556186676025,-0.094220332801342,0.7116559743881226,28.0,66.8532485961914,0.3065382540225982,5.477194786071777,8.76646614074707,-0.2877458930015564,1.0750640630722046,155.56349186104046
58.0,103.30585479736328,1.9355740547180176,22.51946830749512,20.58509635925293,-0.3918590843677521,1.4384822845458984,57.0,78.81616973876953,1.0392311811447144,18.077560424804688,16.41703224182129,-0.2932347655296325,1.209553599357605,72.0,45.93831253051758,0.2653306424617767,10.705101013183594,10.259157180786133,-0.1705043017864227,0.8136054277420044,14.0,54.11803436279297,1.098066806793213,9.201311111450195,10.389715194702148,-0.1766947209835052,1.2773114442825315,29.0,124.31028747558594,0.2683272659778595,9.199920654296877,14.805624961853027,-0.4858920276165008,2.069900751113892,15.0,49.93626022338867,0.5944635272026062,7.825455188751221,8.742631912231445,-0.0904207155108451,2.0306150913238525,73.0,28.42243766784668,0.2810892462730407,6.58131742477417,6.279058456420898,-0.1047623008489608,0.467446506023407,59.0,30.493364334106445,0.3258643746376037,6.438923358917236,5.913061141967773,-0.1108224019408226,0.4802567660808563,43.0,41.65414047241211,1.0482827425003052,6.284239292144775,6.831747531890869,-0.1633244305849075,0.6085165739059448,28.0,85.8733901977539,0.0375791303813457,6.182605743408203,10.008298873901367,-0.3343750536441803,1.4963113069534302,155.56349186104046
58.0,167.72494506835938,1.766923189163208,14.426374435424805,29.95449447631836,-0.783881664276123,2.0324103832244877,57.0,135.8838348388672,1.3937771320343018,11.634713172912598,23.501405715942383,-0.6335117220878601,2.070852041244507,87.0,53.54661178588867,0.3152699470520019,7.701761722564697,10.19786548614502,-0.2546954154968261,0.6294333338737488,86.0,48.907981872558594,0.2494353502988815,7.162840843200684,9.487470626831056,-0.2326213717460632,0.590399980545044,29.0,186.47776794433597,0.0201602354645729,7.005075454711914,25.423627853393555,-0.8921177387237549,3.393651247024536,28.0,117.03777313232422,0.0083973035216331,4.462179183959961,16.003084182739258,-0.5597676038742065,2.096400022506714,59.0,52.25049209594727,0.3939967453479767,4.118536472320557,8.908662796020508,-0.239837110042572,0.7271073460578918,30.0,76.13711547851562,0.004463751334697,2.7525205612182617,10.21099090576172,-0.3639322817325592,1.456633448600769,88.0,12.159461975097656,0.1320002675056457,1.758944034576416,2.300417900085449,-0.0556015595793724,0.1785940080881118,116.0,31.558032989501957,0.0296977590769529,1.6291111707687378,3.933825254440308,-0.1508090943098068,0.6190564036369324,311.1269837220809
58.0,144.40196228027344,2.946859359741211,20.704132080078125,28.96165657043457,-0.7846799492835999,1.7779425382614136,57.0,114.92133331298828,2.094557285308838,17.065256118774414,22.85851287841797,-0.5397171378135681,1.6812455654144287,29.0,195.62876892089844,0.0954613983631134,9.722411155700684,28.57818031311035,-1.100454330444336,3.7016122341156006,87.0,49.60584259033203,0.2023400366306305,8.255074501037598,9.568997383117676,-0.2535594701766968,0.6601913571357727,86.0,49.16331100463867,0.4520203173160553,7.898557662963867,9.033997535705566,-0.2512473165988922,0.668635368347168,28.0,120.55108642578124,0.0864366441965103,6.292668342590332,18.28847885131836,-0.6768033504486084,2.2268455028533936,59.0,49.156925201416016,0.9222761392593384,5.707707405090332,8.509647369384766,-0.2601800560951233,0.841055154800415,30.0,79.4400634765625,0.0191647093743085,3.7185816764831534,11.07931900024414,-0.4461248219013214,1.6198691129684448,56.0,18.559812545776367,0.1301947385072708,2.3630948066711426,2.9890449047088623,-0.0327766388654708,0.7444828152656555,88.0,11.196632385253906,0.0378221832215786,1.81646728515625,2.13876748085022,-0.0495637618005275,0.1887345016002655,311.1269837220809
51.0,64.89814758300781,0.9961685538291932,12.088445663452148,11.716187477111816,-0.2386847734451294,0.6400265693664551,52.0,56.91265106201172,0.3719852864742279,10.426329612731934,10.153698921203612,-0.2088165581226349,0.5449609756469727,34.0,64.09861755371094,1.6307138204574585,7.981856822967529,11.574230194091797,-0.2291320711374282,0.7965437769889832,17.0,215.38868713378903,0.0582704544067382,7.640682220458984,23.32136344909668,-0.836247444152832,4.322502613067627,35.0,46.57665252685547,1.209559202194214,5.360787391662598,7.74156904220581,-0.1272647827863693,0.8549758195877075,18.0,122.02040100097656,0.2336399406194687,4.220096111297607,12.785127639770508,-0.4732317626476288,2.9329967498779297,16.0,103.01700592041016,0.1109357848763465,3.4947714805603027,10.826302528381348,-0.3986451923847198,2.1833152770996094,50.0,18.56089210510254,0.4304782748222351,3.1167054176330566,3.022912979125977,-0.0642939284443855,0.2398365586996078,33.0,32.52255630493164,0.4632287621498108,2.922358512878418,4.4933037757873535,-0.1222655326128006,0.6122400760650635,86.0,19.62500762939453,0.2725410759449005,2.5002336502075195,2.9229986667633057,-0.0681613385677337,0.2802683413028717,184.9972113558172
34.0,148.316162109375,0.919763684272766,17.277063369750977,28.44626235961914,-0.6128766536712646,2.0996549129486084,35.0,100.39635467529295,0.8779307007789612,11.756661415100098,19.67870140075684,-0.4222078919410705,1.427372694015503,51.0,48.01795196533203,1.0498929023742676,10.944296836853027,9.685401916503906,-0.2028400152921676,0.5009167790412903,52.0,39.604225158691406,1.269899845123291,9.58188819885254,8.377870559692383,-0.1727195531129837,0.3653800189495086,17.0,187.9251251220703,1.1045811176300049,9.359871864318848,23.75469207763672,-0.9045301675796508,3.80042576789856,33.0,54.825313568115234,0.1377639770507812,6.202807903289795,10.144682884216309,-0.2411448359489441,0.7512514591217041,18.0,101.3132095336914,0.3799905776977539,5.096078872680664,12.559191703796388,-0.4863240718841553,2.248347282409668,16.0,95.82996368408205,0.2013907432556152,4.3709797859191895,11.571161270141602,-0.4610453844070434,2.2529008388519287,86.0,15.290948867797852,0.1734117269515991,3.277073621749878,3.19085955619812,-0.0490926504135131,0.2292753756046295,50.0,14.087647438049316,0.1176025941967964,2.754703521728516,2.517863512039185,-0.0577741675078868,0.2162502855062484,184.9972113558172
34.0,183.86708068847656,1.1508709192276,15.087120056152344,34.0725212097168,-0.7097077369689941,4.36600399017334,35.0,153.47300720214844,1.0778794288635254,12.407271385192873,28.48952865600586,-0.6101505160331726,3.5694196224212646,33.0,57.48391342163086,0.3509547114372253,4.294591903686523,9.728459358215332,-0.2153476923704147,1.6125904321670532,69.0,63.120079040527344,0.1417346447706222,4.211465835571289,9.381054878234863,-0.3501516282558441,1.1526634693145752,103.0,46.89582824707031,0.1719774752855301,3.650250196456909,7.22292947769165,-0.2608258426189422,0.8142333030700684,68.0,48.477088928222656,0.0459950342774391,3.415203809738159,7.421552658081055,-0.2683395147323608,1.0070406198501587,104.0,24.906373977661133,0.0170145742595195,2.1031880378723145,4.009515285491943,-0.1377259790897369,0.4034755527973175,36.0,29.99518394470215,0.038485761731863,1.7401597499847412,4.383735179901123,-0.0551144555211067,1.6239486932754517,102.0,23.884422302246094,0.1467285752296447,1.594332575798035,3.305112838745117,-0.1320541501045227,0.5302571654319763,207.0,8.21097469329834,0.031805332750082,1.2126011848449707,1.664116621017456,-0.0441952981054782,0.1965855062007904,369.9944227116344
34.0,294.7205810546875,0.8286651372909546,17.469112396240234,48.40569686889648,-0.9350062012672424,5.231735229492188,35.0,232.00860595703125,0.6319372653961182,14.054996490478516,39.04329299926758,-0.7342608571052551,4.212769985198975,69.0,83.87704467773438,0.942561149597168,8.834856033325195,13.662288665771484,-0.3296907246112823,0.984271764755249,68.0,65.93390655517578,0.7474249601364136,7.233876705169678,11.082682609558104,-0.2451282441616058,0.8537704348564148,103.0,61.895633697509766,0.3577361404895782,5.258429050445557,8.35926628112793,-0.2397549897432327,0.894281268119812,33.0,93.28157806396484,0.2119619697332382,5.108257293701172,14.426177978515623,-0.3228751420974731,1.615478515625,104.0,35.93315124511719,0.1468059420585632,3.146789789199829,4.852715969085693,-0.1371106654405594,0.5131416320800781,70.0,24.64672470092773,0.2087535113096237,2.456667900085449,3.8439791202545166,-0.0944354832172393,0.3378682732582092,102.0,27.29642868041992,0.1270674616098404,2.1930737495422363,3.596975803375244,-0.1038997545838356,0.442002534866333,36.0,36.75996398925781,0.0186106655746698,1.88097083568573,5.418705463409424,-0.081727460026741,1.3138073682785034,369.9944227116344
33.0,6.3925957679748535,0.187813252210617,2.460965394973755,2.345521211624145,-0.1881949603557586,0.4250096976757049,32.0,6.462822437286377,0.1257896423339843,2.407330274581909,2.2719404697418213,-0.190484344959259,0.4006938338279724,22.0,5.59574556350708,0.1990159302949905,1.906043291091919,1.922915816307068,-0.1523996740579605,0.4438591301441192,21.0,4.315759658813477,0.1162100136280059,1.6345791816711426,1.5910515785217283,-0.1483495831489563,0.2811548709869385,11.0,4.204049110412598,0.0679120123386383,1.3236693143844604,1.419052004814148,-0.165445476770401,0.2487086206674575,76.0,3.157212972640991,0.057303462177515,1.134082913398743,1.147998929023743,-0.1169083043932914,0.1511814445257187,109.0,3.5222418308258057,0.0795072242617607,1.0419998168945312,1.1505961418151855,-0.1326972693204879,0.1877082288265228,10.0,2.5256786346435547,0.0703500360250473,0.8427954912185669,0.8336851000785828,-0.0867060646414756,0.2999230027198791,43.0,2.595833539962769,0.0524802170693874,0.8213210701942444,0.8691402673721313,-0.0987621396780014,0.1453801244497299,120.0,2.031956434249878,0.0664479881525039,0.8162724375724792,0.7568569779396057,-0.0750272721052169,0.1066301763057708,233.08188075904496
43.0,5.63346529006958,0.186617761850357,3.260082244873047,1.8400572538375852,-0.154193490743637,0.469232439994812,44.0,5.233785629272461,0.2129747420549392,2.988957643508911,1.6744365692138672,-0.1848162710666656,0.5017529726028442,22.0,7.433386325836182,0.2653402984142303,2.5631062984466557,2.490853309631348,-0.2728293538093567,0.3624465465545654,21.0,5.704570770263672,0.2469650208950042,1.9593122005462649,1.8610162734985352,-0.1876029521226883,0.3558372855186462,65.0,3.108323812484741,0.1619921922683715,1.7046449184417725,1.162580132484436,-0.1034686118364334,0.1603936702013015,66.0,1.9117454290390012,0.1341429948806762,1.044501543045044,0.6847568154335022,-0.0617023669183254,0.0978417173027992,23.0,2.932899475097656,0.1298856437206268,0.826862633228302,0.8228009343147278,-0.0841688364744186,0.2974314391613006,42.0,1.5692949295043943,0.0771880820393562,0.816498875617981,0.4934832751750946,-0.0260430071502923,0.3174350559711456,87.0,1.4728083610534668,0.0057310280390083,0.724826455116272,0.5278075933456421,-0.0373928658664226,0.1232291162014007,64.0,1.370069146156311,0.067086786031723,0.713111162185669,0.4950294494628906,-0.0469996370375156,0.0850020051002502,466.1637615180899
31.0,6.539750099182129,0.0408788509666919,2.459218263626098,2.5614771842956543,-0.222208634018898,0.4816260039806366,20.0,5.253320217132568,0.1981511116027832,2.1661057472229004,1.9157029390335083,-0.1827689260244369,0.3310286402702331,30.0,5.159240245819092,0.0437416173517704,1.949245810508728,1.9936431646347048,-0.1773807257413864,0.3681241869926452,21.0,5.326263427734375,0.2484036386013031,1.9487711191177368,1.782326579093933,-0.1351532787084579,0.507463276386261,10.0,4.010350704193115,0.0579296424984931,1.4527655839920044,1.52181077003479,-0.1758362799882888,0.2608793973922729,103.0,3.482972383499145,0.2170144915580749,1.3954479694366455,1.232574701309204,-0.1365256458520889,0.1938843578100204,72.0,3.2330048084259038,0.0599250011146068,1.376845359802246,1.265919804573059,-0.1202658489346504,0.2171888053417205,102.0,2.878858804702759,0.2129169553518295,1.210109829902649,1.013767123222351,-0.1156117916107177,0.1755076944828033,71.0,2.578047513961792,0.0961489900946617,1.142238974571228,0.988943099975586,-0.0897168442606926,0.1832043230533599,11.0,3.186521291732788,0.0366089008748531,1.0979316234588623,1.1365925073623655,-0.1402053087949752,0.2047546505928039,220.0
41.0,14.579526901245115,0.1449681222438812,5.615921497344971,3.853867053985596,-0.6014399528503418,0.6668863296508789,40.0,7.2517313957214355,0.0733107551932334,3.062293291091919,1.9844603538513184,-0.2991008758544922,0.3765348494052887,42.0,9.934985160827637,0.2664096355438232,2.722609281539917,2.226873874664306,-0.4028573036193847,0.7810959815979004,21.0,5.312777996063232,0.1133837103843689,1.6313118934631348,1.727575182914734,-0.1763053387403488,0.3509450256824493,20.0,5.831760406494141,0.0372286550700664,1.5309311151504517,1.7553973197937012,-0.1906464844942093,0.4637092351913452,82.0,2.1091079711914062,0.0126695157960057,1.1461290121078491,0.7617993354797363,-0.0589520893990993,0.1589199751615524,144.0,2.227313995361328,0.1785194873809814,1.0869098901748655,0.7373259663581848,-0.0835249200463295,0.0739658772945404,145.0,1.651999831199646,0.126759260892868,0.7227317690849304,0.5204651951789856,-0.0553236864507198,0.0851183012127876,103.0,1.387020230293274,0.0358069837093353,0.7206869721412659,0.5361484885215759,-0.0462317876517772,0.0830780416727066,83.0,1.210902452468872,0.0134026249870657,0.6702983975410461,0.4454626739025116,-0.0453266464173793,0.1146102920174598,440.0
23.0,7.76609468460083,0.1131998747587204,3.390984535217285,2.612898826599121,-0.2948042154312134,0.2223894894123077,46.0,4.968061923980713,0.2941057085990906,2.8066928386688232,1.62757670879364,-0.1869582384824752,0.4185777306556701,22.0,4.210598468780518,0.0763547047972679,1.74955153465271,1.2845206260681152,-0.1283829659223556,0.2722577750682831,24.0,4.54056978225708,0.1007867157459259,1.6846692562103271,1.37047278881073,-0.1608424633741378,0.2212887108325958,45.0,2.625086069107056,0.2423388063907623,1.4861924648284912,0.7897576689720154,-0.0537528544664382,0.2973682582378387,47.0,3.420103073120117,0.1161483526229858,1.399505853652954,0.9522187113761902,-0.1277593970298767,0.4606163203716278,69.0,3.021678924560547,0.0113564375787973,1.3845672607421875,1.0912420749664309,-0.112837940454483,0.1141930744051933,162.0,1.8462368249893188,0.0349005907773971,0.7372305393218994,0.6595497727394104,-0.0636941120028495,0.0846664309501648,68.0,1.5845179557800293,0.0123458066955208,0.7319929599761963,0.5556357502937317,-0.0628868862986564,0.0631211847066879,70.0,1.5952764749526978,0.0095002958551049,0.6783144474029541,0.5509794354438782,-0.0570762604475021,0.0820006355643272,246.9416506280621
23.0,7.847146987915039,0.1073910221457481,3.396763324737549,2.6181020736694336,-0.2938699722290039,0.2379109263420105,46.0,4.931146144866943,0.2997374534606933,2.8081350326538086,1.6279984712600708,-0.1852563470602035,0.414130687713623,22.0,4.264780044555664,0.0694544613361358,1.7537325620651243,1.2897995710372925,-0.1277576982975006,0.2802238166332245,24.0,4.613792419433594,0.1046720221638679,1.6883938312530518,1.3746458292007446,-0.1600371301174163,0.2469824254512787,45.0,2.6093146800994877,0.246280625462532,1.4857933521270752,0.7881238460540771,-0.0519295111298561,0.2970269918441772,47.0,3.4000635147094727,0.1156756877899169,1.4005637168884275,0.9514658451080322,-0.1269665211439132,0.4565954506397247,69.0,3.027876615524292,0.0023395223543047,1.3855515718460083,1.0933573246002195,-0.1133997365832328,0.1172300726175308,162.0,1.837677001953125,0.0350861810147762,0.7390425205230713,0.6596199870109558,-0.0632495880126953,0.0865759626030922,68.0,1.5860576629638672,0.0034057504963129,0.7319200038909912,0.5572648644447327,-0.0633060708642005,0.0679842606186866,70.0,1.594193935394287,0.0059709977358579,0.6792417764663696,0.5524154305458069,-0.0574083179235458,0.0836383551359176,493.8833012561241
26.0,9.717537879943848,0.4553947746753692,4.351623058319092,2.8107028007507324,-0.2997567653656006,0.6033308506011963,39.0,7.191348075866699,0.5505781173706055,3.580012083053589,2.140204668045044,-0.2644294500350952,0.3216930627822876,25.0,7.516313552856445,0.3752862513065338,3.2662909030914307,2.159754037857056,-0.2361997067928314,0.4918875098228454,38.0,5.495780944824219,0.4831361770629883,2.769686460494995,1.600462555885315,-0.200505793094635,0.2118046134710312,27.0,4.161853313446045,0.1358231902122497,1.4956766366958618,1.0507450103759766,-0.1536016464233398,0.3538738489151001,90.0,1.9897607564926147,0.1358688175678253,1.1927770376205444,0.673969566822052,-0.051792100071907,0.1211292818188667,52.0,2.327824592590332,0.2669591605663299,1.1320093870162964,0.6180716156959534,-0.0824346169829368,0.1254764646291732,40.0,2.407195806503296,0.1353887319564819,1.1185845136642456,0.6891719698905945,-0.0821925699710846,0.1800863295793533,91.0,1.8782432079315183,0.1328213214874267,1.10417640209198,0.661252498626709,-0.0534012764692306,0.1157595068216323,51.0,2.3978617191314697,0.224998340010643,1.0245614051818848,0.6200065016746521,-0.0869145393371582,0.1628862917423248,138.59131548843604
52.0,6.389254093170166,1.0810006856918335,3.588474750518799,2.2814266681671143,-0.2063655108213424,0.3547415137290954,51.0,5.887789726257324,0.788446843624115,3.1654748916625977,2.1273348331451416,-0.2032972425222396,0.4001800119876861,26.0,6.594980239868164,0.3225768506526947,2.9724762439727783,2.2257943153381348,-0.1522340178489685,0.5511819124221802,25.0,4.733532428741455,0.2035530805587768,2.0789363384246826,1.5774805545806885,-0.1383143663406372,0.7664475440979004,27.0,2.5904862880706787,0.0487468056380748,1.092719554901123,0.8236798644065857,-0.0486952997744083,0.2489421218633651,103.0,3.705234289169312,0.0847821459174156,0.9212188720703124,0.8634800910949707,-0.150852158665657,0.2371608763933181,53.0,1.6615943908691406,0.2512289583683014,0.9157079458236694,0.5390254259109497,-0.0360216572880744,0.2236155122518539,104.0,3.1986374855041504,0.1086130440235138,0.8486039638519287,0.7988424301147461,-0.1287510246038437,0.1761079728603363,77.0,1.6170964241027832,0.0934954285621643,0.8475803136825562,0.5239139199256897,-0.0211761519312858,0.128792405128479,182.0,2.1908071041107178,0.0927677378058433,0.770226240158081,0.6719650626182556,-0.0874183103442192,0.0681245997548103,277.1826309768721
37.0,12.57438850402832,0.6611078381538391,7.967970848083496,4.033558368682861,-0.4457899034023285,0.50472491979599,36.0,12.077157974243164,0.6280120611190796,7.637704849243164,3.946749210357666,-0.4579658210277557,0.4386259317398071,12.0,5.996294021606445,0.2777574360370636,3.343617677688598,1.6575838327407837,-0.2287414520978927,0.3445344567298889,13.0,4.114136695861816,0.2509432137012481,2.1924736499786377,1.081418752670288,-0.1545277386903762,0.4201391041278839,24.0,4.149566650390625,0.1437143683433532,1.9479100704193115,1.3885916471481323,-0.1602340936660766,0.1516096442937851,38.0,2.8874776363372803,0.3566856384277344,1.7882287502288818,0.8613929748535156,-0.095055304467678,0.2516476213932037,25.0,3.40984320640564,0.1191522926092147,1.5140901803970337,1.1069462299346924,-0.1251871585845947,0.1777278035879135,35.0,3.1335995197296143,0.1493529677391052,1.4737273454666138,0.7950402498245239,-0.1115640848875045,0.3011665344238281,11.0,2.437953233718872,0.193171814084053,1.2917271852493286,0.6759458780288696,-0.0897912606596946,0.2271443605422973,85.0,2.4886350631713867,0.1324790716171264,1.2331631183624268,0.7769549489021301,-0.0942462459206581,0.0748383551836013,130.8127826502993
49.0,5.37851095199585,0.4359877407550812,3.3994216918945312,1.6086889505386353,-0.1761364489793777,0.4240587651729584,24.0,7.27783727645874,0.2626935839653015,2.978095531463623,2.3339645862579346,-0.2551546096801758,0.3052400946617126,48.0,4.231928825378418,0.3917004764080047,2.555526733398437,1.2135945558547974,-0.0801005437970161,0.3576135337352752,25.0,6.447337627410889,0.0944834277033805,2.493401527404785,2.0494637489318848,-0.2379447221755981,0.276496022939682,73.0,3.1271631717681885,0.1004166156053543,1.7576218843460083,1.0548162460327148,-0.1102899760007858,0.1103544384241104,50.0,2.3671746253967285,0.2485258281230926,1.1024127006530762,0.5872617363929749,-0.0825872048735618,0.3448436856269836,74.0,1.8606146574020384,0.0948686599731445,1.010771870613098,0.5968049764633179,-0.0652983412146568,0.0692136213183403,23.0,2.184779644012451,0.1210270896553993,0.8330156803131104,0.6079582571983337,-0.050356063991785,0.2009275704622268,72.0,1.4103915691375732,0.0619315579533577,0.7821338176727295,0.4741222262382507,-0.0539384000003337,0.0622411705553531,98.0,1.467647671699524,0.1037123501300811,0.684082567691803,0.3979542851448059,-0.0362680964171886,0.1084422469139099,261.6255653005986
49.0,11.967240333557127,0.1844731420278549,4.043124198913574,3.849744558334351,-0.4713107049465179,0.737822413444519,48.0,8.189477920532227,0.0676396861672401,2.713095664978028,2.523381471633911,-0.3217800557613373,0.5986344218254089,50.0,5.160459995269775,0.1277589499950409,1.6383787393569946,1.4840136766433716,-0.185662567615509,0.3917213082313537,147.0,5.55531644821167,0.0090806083753705,1.4115511178970337,1.392332911491394,-0.2218494415283203,0.3119767308235168,146.0,3.955787420272827,0.0232455860823392,1.1191773414611816,0.986348032951355,-0.1573016792535781,0.2273746132850647,98.0,1.5215247869491575,0.1086568981409072,0.5911851525306702,0.3665702641010284,-0.0541301742196083,0.1186996698379516,97.0,1.6391618251800537,0.098947986960411,0.5476992726325989,0.3580922782421112,-0.0616085529327392,0.0972427129745483,148.0,2.024665355682373,0.0153814582154154,0.4503511190414428,0.4995819628238678,-0.0803713575005531,0.2003241032361984,47.0,1.882696270942688,0.0229654479771852,0.4055266380310058,0.4148256182670593,-0.0732165053486824,0.4382787048816681,46.0,1.0608943700790403,0.0154069839045405,0.2487754821777343,0.2629851698875427,-0.040588766336441,0.1799288094043731,523.2511306011972
43.0,6.126787185668945,0.3001293838024139,3.368267059326172,2.019411087036133,-0.2231602817773819,0.3043567240238189,44.0,5.283931255340576,0.2992746531963348,2.95615291595459,1.723344802856445,-0.19938625395298,0.2808834910392761,14.0,5.034090995788574,0.2977184355258941,2.93631649017334,1.7934958934783936,-0.1610501110553741,0.2783150970935821,15.0,5.128118515014648,0.2729262709617615,2.6549060344696045,1.7025171518325806,-0.1602410674095153,0.3573206663131714,87.0,2.098610639572144,0.0403177961707115,1.265460968017578,0.706646740436554,-0.0585049502551555,0.1223471015691757,146.0,1.9125683307647705,0.0871627330780029,1.1655651330947876,0.6296030282974243,-0.051174160093069,0.1052565723657608,145.0,1.4848636388778689,0.0816672220826149,0.9210975170135498,0.4882842600345611,-0.0360154472291469,0.0920923203229904,42.0,1.965947270393372,0.1027764827013015,0.8894370794296265,0.5724238753318787,-0.0708947479724884,0.1779364943504333,13.0,1.4231550693511963,0.125982254743576,0.7500811219215393,0.4378173053264618,-0.047605562955141,0.2569814026355743,72.0,1.83471941947937,0.0623078607022762,0.7223767042160034,0.5242533087730408,-0.0708964616060257,0.07437614351511,155.56349186104046
58.0,7.333515644073486,0.0956064462661743,4.0222883224487305,2.7107903957366943,-0.2668286561965942,0.3221416473388672,29.0,5.607458591461182,0.1157884076237678,2.8258306980133057,1.89413058757782,-0.1563258171081543,0.4536544680595398,57.0,4.332819938659668,0.0598982125520706,2.332194805145264,1.622166395187378,-0.16950124502182,0.3344607353210449,59.0,3.2612054347991943,0.0685194358229637,1.7629046440124512,1.125721096992493,-0.1027665585279464,0.2123680412769317,28.0,3.249537467956543,0.1179774776101112,1.5959396362304688,1.0761077404022217,-0.1056625470519065,0.596924901008606,30.0,2.6991841793060303,0.0137273240834474,1.3414839506149292,0.8827371597290039,-0.079972818493843,0.241918072104454,116.0,3.791861534118652,0.0548611432313919,1.245220422744751,0.9069314002990724,-0.1494800150394439,0.2005616277456283,87.0,1.79644513130188,0.0382150523364543,0.935184895992279,0.5977053642272949,-0.0342005006968975,0.1237817332148552,204.0,1.9266122579574585,0.0677789971232414,0.7597802877426147,0.5171528458595276,-0.0743533298373222,0.0584122724831104,205.0,1.9812381267547607,0.0679415464401245,0.75182044506073,0.5201314091682434,-0.0765318572521209,0.0653246045112609,311.1269837220809
27.0,9.688807487487791,0.4493376314640045,4.627861499786377,2.850620985031128,-0.3067218661308288,0.526422381401062,28.0,7.140517234802246,0.4613717198371887,3.486461877822876,2.035945177078247,-0.258419007062912,0.4115194380283355,41.0,7.31955623626709,0.1648596227169037,3.251540184020996,1.9867388010025024,-0.2861878573894501,0.2576445639133453,40.0,3.977530002593994,0.1172618046402931,1.7315151691436768,1.053070306777954,-0.1544107347726822,0.1744024604558944,42.0,3.8839054107666016,0.1416473239660263,1.567740559577942,0.988244652748108,-0.1496903151273727,0.2281805425882339,26.0,3.814500570297241,0.185236170887947,1.5631123781204224,1.0932279825210571,-0.1430084556341171,0.2349182814359665,96.0,2.14038634300232,0.2455741018056869,1.4628379344940186,0.6547076106071472,-0.0626983717083931,0.1152316927909851,55.0,2.312052726745605,0.0514286048710346,0.9832677841186525,0.6772963404655457,-0.0877461731433868,0.1222152411937713,95.0,1.4241482019424438,0.2076863646507263,0.9385237097740172,0.3988945186138153,-0.0343564189970493,0.1021926924586296,14.0,1.8954821825027464,0.0979740023612976,0.9319786429405212,0.5347856283187866,-0.0433157682418823,0.2948873341083526,146.8323839587038
27.0,6.581209659576416,0.5731221437454224,3.733218193054199,1.971211075782776,-0.1419882178306579,0.6092880368232727,28.0,5.187072277069092,0.5430554747581482,3.0167489051818848,1.4935753345489502,-0.1024375334382057,0.3971922695636749,55.0,6.325699329376221,0.1989349722862243,2.987001895904541,2.299140214920044,-0.2353341281414032,0.2611449360847473,54.0,5.545764923095703,0.1960633695125579,2.555175542831421,1.8844022750854488,-0.2139880508184433,0.2685906291007995,26.0,2.479285478591919,0.2213247269392013,1.1943293809890747,0.726478636264801,-0.0833840370178222,0.6547958254814148,110.0,3.5145692825317383,0.01840147562325,1.097627878189087,0.8647178411483765,-0.1352596431970596,0.2066947519779205,109.0,3.3358912467956543,0.131572350859642,1.045690894126892,0.79090416431427,-0.128172755241394,0.2370593547821045,56.0,2.056790590286255,0.0177705083042383,0.8167411088943481,0.6373088359832764,-0.0530823320150375,0.1908540576696396,137.0,2.4205360412597656,0.0544860027730464,0.8084688782691956,0.6238272786140442,-0.0946419909596443,0.1076266914606094,82.0,1.5700823068618774,0.0184810832142829,0.7600811719894409,0.5724829435348511,-0.0324693620204925,0.1133864000439643,293.6647679174076
15.0,5.462966442108154,0.4221066534519195,3.320185661315918,1.952118992805481,-0.1754842549562454,0.3081585168838501,16.0,4.610757827758789,0.3802728652954101,2.524945974349976,1.509541153907776,-0.1486438065767288,0.3322018384933471,46.0,6.306219577789307,0.2935734689235687,2.459093809127808,2.068679094314575,-0.2360598444938659,0.2906550168991089,45.0,3.752142429351807,0.2344614714384079,1.4113001823425293,1.1489838361740112,-0.1394669413566589,0.1835378408432006,47.0,3.197272062301636,0.0566327832639217,1.1421092748641968,0.9891392588615416,-0.1193825230002403,0.2246130555868148,14.0,1.8947219848632808,0.2243665307760238,1.070850133895874,0.6262441873550415,-0.0615985393524169,0.1832116842269897,92.0,1.9506468772888184,0.0554798319935798,0.9124691486358644,0.7136483192443848,-0.0606034360826015,0.1307964771986007,154.0,1.5856329202651978,0.0567467026412487,0.771615743637085,0.5916979312896729,-0.0453617125749588,0.1006333753466606,77.0,1.7464637756347656,0.0447818972170352,0.7594770789146423,0.6021974682807922,-0.064007818698883,0.0708784833550453,155.0,1.3110840320587158,0.028036443516612,0.643341064453125,0.4999535083770752,-0.0416092649102211,0.0913667306303978,164.81377845643496
31.0,7.012390613555908,0.0484166480600833,3.198775053024292,2.371492385864258,-0.2642320096492767,0.388134092092514,62.0,6.397627830505371,0.1786994934082031,2.6245038509368896,1.7806055545806885,-0.2474592477083206,0.2916027903556824,30.0,6.045990943908691,0.1942567527294159,2.5061697959899902,1.8657681941986084,-0.2304605990648269,0.3780534565448761,61.0,5.678436756134033,0.0811237469315528,2.48382830619812,1.6480820178985596,-0.2145590335130691,0.3085150420665741,32.0,2.462456703186035,0.0129310712218284,0.9884068369865416,0.7151815891265869,-0.0210208091884851,0.4090603590011596,92.0,2.68686580657959,0.2625831067562103,0.951964557170868,0.5782029032707214,-0.1010117828845977,0.2625415027141571,93.0,2.3605446815490723,0.2011200040578842,0.7792639136314392,0.4947251975536346,-0.0899760350584983,0.1843654215335846,63.0,1.8840395212173464,0.0377751439809799,0.6216728091239929,0.4384669661521911,-0.0737319365143776,0.1683644652366638,60.0,1.160346269607544,0.0725988671183586,0.4991630911827087,0.2999696433544159,-0.0398919731378555,0.1614581197500229,123.0,1.536232352256775,0.0349270701408386,0.4898885488510132,0.3682892620563507,-0.0625543817877769,0.0817662104964256,329.6275569128699
17.0,8.073951721191406,0.1842245161533355,3.518271207809448,2.775313377380371,-0.2804212272167206,0.3898338079452514,34.0,6.87452507019043,0.4404705166816711,3.3831210136413574,2.490364789962769,-0.2433145642280578,0.3922065794467926,35.0,5.860489845275879,0.3063145577907562,2.880326509475708,2.167330265045166,-0.2043620347976684,0.344481498003006,18.0,5.431081771850586,0.1642571687698364,2.378974676132202,1.901226282119751,-0.2194510251283645,0.31550994515419,52.0,4.594335556030273,0.472348690032959,1.9903737306594849,1.4585864543914795,-0.1565224975347519,0.1972249299287796,51.0,3.942543268203736,0.4423452615737915,1.6958602666854858,1.2566041946411133,-0.1221915110945701,0.2038260251283645,16.0,3.3551831245422363,0.062788501381874,1.301844596862793,1.034637212753296,-0.0727326199412345,0.3846015036106109,33.0,1.9817054271698,0.120767131447792,0.9161465167999268,0.6630929708480835,-0.071739375591278,0.2323048859834671,156.0,3.383509635925293,0.0491506084799766,0.9086152911186218,1.0677841901779177,-0.1385989189147949,0.1603362411260604,86.0,1.9005454778671265,0.0356471352279186,0.8453177809715271,0.5970132350921631,-0.0777040943503379,0.0752386972308158,184.9972113558172
34.0,7.097235679626465,0.0902765393257141,3.1047167778015137,2.1888675689697266,-0.2860179245471954,0.4394005537033081,35.0,6.049247741699219,0.1392063498497009,2.879331111907959,1.9588655233383176,-0.2255293875932693,0.3133248686790466,69.0,6.671271800994873,0.0936248451471328,2.4565072059631348,1.782121181488037,-0.2740686237812042,0.2516037821769714,70.0,4.477545261383057,0.0131561737507581,1.3623372316360474,1.1394083499908447,-0.1860162019729614,0.2390472441911697,68.0,2.868000268936157,0.0621178932487964,1.1520577669143677,0.726685106754303,-0.1153834387660026,0.232347086071968,33.0,2.0059702396392822,0.0807863995432853,0.7666938900947571,0.5640249252319336,-0.0624530501663684,0.3725143373012543,104.0,2.589349269866944,0.1201993227005004,0.7463892102241516,0.5793840289115906,-0.1028812527656555,0.2157214879989624,103.0,2.1090312004089355,0.0779660493135452,0.6204867959022522,0.467681735754013,-0.0846277102828025,0.2703909277915954,36.0,1.4812864065170288,0.0204053539782762,0.5291694402694702,0.4339162409305572,-0.0082456357777118,0.5036835670471191,139.0,1.4847809076309204,0.0329679958522319,0.4923588931560516,0.3580887913703918,-0.0604922026395797,0.0869765058159828,369.9944227116344
32.0,6.817131042480469,0.2355678826570511,3.655751943588257,2.427287101745605,-0.2448052167892456,0.3649303615093231,33.0,6.638258457183838,0.2057056427001953,3.509392023086548,2.365656852722168,-0.2215880304574966,0.3943680226802826,16.0,8.156253814697266,0.4025530815124511,3.076523542404175,2.781583786010742,-0.2593861818313598,0.4440805613994598,17.0,5.625251770019531,0.2309107780456543,2.24129056930542,1.9692082405090328,-0.2167236804962158,0.2726407349109649,49.0,4.555022716522217,0.2274376004934311,1.9717457294464111,1.6396896839141846,-0.166621446609497,0.2080948650836944,48.0,3.653214931488037,0.2000106573104858,1.538142442703247,1.2518755197525024,-0.1172197088599205,0.1903283298015594,15.0,3.2477054595947266,0.0843163281679153,1.050612211227417,1.005656599998474,-0.0584079809486866,0.430599570274353,147.0,3.3606276512146,0.0526313818991184,1.0436444282531738,1.2019422054290771,-0.1330045461654663,0.1931255608797073,31.0,1.6927326917648315,0.0819676890969276,0.8198978304862976,0.5407005548477173,-0.0671152099967002,0.1444988697767257,81.0,1.9622827768325808,0.0493357554078102,0.7931530475616455,0.6741217374801636,-0.0703519210219383,0.0913718491792678,174.61411571650194
33.0,6.810354709625244,0.4648582637310028,3.859255313873291,2.1761295795440674,-0.2246754914522171,0.4307430982589721,32.0,6.864860534667969,0.4815188944339752,3.784872531890869,2.14530611038208,-0.2637258470058441,0.3225687742233276,65.0,6.647139549255371,0.5214402079582214,3.299938678741455,1.7968460321426392,-0.2552374899387359,0.2665537595748901,66.0,5.016654968261719,0.3946551084518432,2.1918177604675293,1.262151122093201,-0.1925833225250244,0.2409892678260803,64.0,2.4567220211029053,0.1968569308519363,1.238879680633545,0.6580461859703064,-0.0924245715141296,0.1998514831066131,34.0,1.9775511026382449,0.0808851048350334,0.8364970684051514,0.59173184633255,0.0024328914005309,0.5685191750526428,98.0,2.6967108249664307,0.0336891748011112,0.818718433380127,0.6453657150268555,-0.1109592318534851,0.2125830203294754,31.0,1.6554505825042725,0.0463486537337303,0.7589266300201416,0.4666847586631775,-0.0383458212018013,0.3834098279476166,131.0,1.7090647220611572,0.091451771557331,0.630283534526825,0.3771907985210418,-0.0674005448818206,0.0979301407933235,97.0,1.79869282245636,0.0356281138956546,0.5487468838691711,0.4071114361286163,-0.0734610259532928,0.2047330141067505,349.2282314330039
39.0,14.767081260681152,0.800855815410614,5.87770938873291,4.16876745223999,-0.5586490035057068,0.7542053461074829,38.0,10.49843406677246,0.7423328757286072,4.552949905395508,3.033238887786865,-0.3902440667152405,0.530234694480896,19.0,6.027801036834717,0.2455355077981948,2.2978811264038086,1.890300154685974,-0.1780061721801757,0.5158065557479858,20.0,4.674033164978027,0.2717078328132629,2.105806827545166,1.5696734189987185,-0.1352985799312591,0.3117082715034485,40.0,7.232692241668701,0.1806447803974151,1.9303444623947144,1.650784254074097,-0.2676019966602325,0.6285711526870728,77.0,2.1397035121917725,0.1228064373135566,1.19239342212677,0.6101385354995728,-0.0404539443552494,0.1455662101507187,78.0,1.9511810541152956,0.1132933720946312,1.125632643699646,0.5792526602745056,-0.0497285760939121,0.131568431854248,136.0,2.181831121444702,0.0252116713672876,0.9791255593299866,0.7334336042404175,-0.0862647742033004,0.0708141028881073,97.0,1.4882203340530396,0.053422063589096,0.7558446526527405,0.5037346482276917,-0.0499374866485595,0.0765042081475257,18.0,2.357436418533325,0.0509867221117019,0.654918372631073,0.6355751752853394,-0.0605189055204391,0.3609893321990967,207.65234878997256
39.0,12.567387580871582,0.7912343740463257,5.518629550933838,3.794440746307373,-0.4906730353832245,0.6096181273460388,38.0,9.763728141784668,0.4584038555622101,4.868656635284424,3.355029821395874,-0.365551233291626,0.4092910289764404,40.0,4.430624961853027,0.2081622034311294,1.4469451904296875,1.0563459396362305,-0.1759359389543533,0.5870832204818726,116.0,2.875784158706665,0.2648434042930603,1.1823941469192505,0.7463102340698242,-0.1087891981005668,0.0900543555617332,77.0,3.0218989849090576,0.107160598039627,1.1338595151901243,0.9465938806533812,-0.1214474216103553,0.1340777724981308,78.0,3.090487480163574,0.0735455378890037,0.8776920437812805,0.8074033260345459,-0.1243317127227783,0.2288316041231155,37.0,2.011260509490967,0.0568413957953453,0.8359960913658142,0.5554516911506653,-0.0363646447658538,0.2620185911655426,117.0,1.5089691877365112,0.1409511119127273,0.6019381880760193,0.4189968407154083,-0.0570007562637329,0.0705169513821601,115.0,1.5055266618728638,0.1516924649477005,0.5963201522827148,0.3507070541381836,-0.0554323904216289,0.0927903428673744,155.0,1.9249122142791748,0.040647879242897,0.4556751251220703,0.5238054394721985,-0.0785110145807266,0.1135458201169967,415.3046975799451
36.0,6.612752437591553,0.1019665673375129,3.525984764099121,2.5083272457122803,-0.2379491478204727,0.3623116910457611,37.0,6.13988208770752,0.0859312564134597,3.400748014450073,2.3401732444763184,-0.2173208594322204,0.3036437630653381,18.0,7.92080545425415,0.2269090265035629,2.6253886222839355,2.459290027618408,-0.2706270813941955,0.438425213098526,19.0,5.597846031188965,0.1568056643009185,1.8332527875900269,1.7292641401290894,-0.2156534940004348,0.3897000849246979,55.0,4.470785617828369,0.0264510549604892,1.548019528388977,1.536099910736084,-0.1665477752685547,0.2227581888437271,54.0,3.53372573852539,0.0441787391901016,1.2452036142349243,1.208806037902832,-0.1224126517772674,0.198880597949028,17.0,3.1357576847076416,0.1167385354638099,0.978303611278534,0.8933190107345581,-0.0684415102005004,0.3478748500347137,165.0,3.448418378829956,0.0656794756650924,0.9506343603134156,1.0884826183319092,-0.1351640820503235,0.2139231711626052,91.0,1.7350075244903564,0.050972506403923,0.8184851408004761,0.602085530757904,-0.0655563101172447,0.0639639943838119,35.0,1.700843334197998,0.0616999417543411,0.7907701134681702,0.5941961407661438,-0.064845398068428,0.2137661278247833,195.99771799087463
37.0,6.735235691070557,0.1545307636260986,3.51143741607666,2.2179765701293945,-0.238798975944519,0.2943477928638458,36.0,6.818347454071045,0.1357732415199279,3.3634462356567383,2.2018635272979736,-0.2673029601573944,0.3359545767307281,73.0,6.443287372589111,0.3135002851486206,2.763395071029663,1.6920177936553955,-0.2451914995908737,0.2761251330375671,74.0,4.886680603027344,0.286356657743454,1.7411656379699707,1.1782788038253784,-0.1840129643678665,0.2342853993177414,72.0,2.3176939487457275,0.1687172800302505,1.1153134107589722,0.6356593370437622,-0.083756536245346,0.2628464698791504,38.0,2.0246422290802,0.0485782548785209,0.7901026606559753,0.5050154328346252,-0.0216870475560426,0.2983764410018921,110.0,2.474825382232666,0.0094738285988569,0.7077465057373047,0.535615861415863,-0.0986140668392181,0.2505747079849243,35.0,1.540440320968628,0.0318615175783634,0.6591293811798096,0.4829918146133423,-0.0562271326780319,0.4055700898170471,147.0,1.5927685499191284,0.0357501804828643,0.5429067015647888,0.3647994995117187,-0.0622807405889034,0.098913088440895,109.0,1.7598061561584473,0.0141275515779852,0.5147613286972046,0.4060283601284027,-0.0698271542787551,0.2827141582965851,391.99543598174927
